timestamp,asset,mid_price,bid,ask,volume,fair_value_hint
0,NEXUS_AI,200.05,199.8,200.3,559,
1,NEXUS_AI,199.17,198.92,199.42,564,
2,NEXUS_AI,199.88,199.63,200.13,348,
3,NEXUS_AI,201.74,201.49,201.99,267,
4,NEXUS_AI,201.7,201.45,201.95,259,
5,NEXUS_AI,201.07,200.82,201.32,498,
6,NEXUS_AI,201.07,200.82,201.32,473,
7,NEXUS_AI,199.85,199.6,200.1,416,
8,NEXUS_AI,201.09,200.84,201.34,543,
9,NEXUS_AI,201.8,201.55,202.05,584,
10,NEXUS_AI,202.21,201.96,202.46,231,
11,NEXUS_AI,202.3,202.05,202.55,477,
12,NEXUS_AI,201.47,201.22,201.72,545,
13,NEXUS_AI,202.79,202.54,203.04,580,
14,NEXUS_AI,201.52,201.27,201.77,556,
15,NEXUS_AI,202.31,202.06,202.56,224,
16,NEXUS_AI,206.44,206.19,206.69,360,
17,NEXUS_AI,206.56,206.31,206.81,580,
18,NEXUS_AI,209.21,208.96,209.46,426,
19,NEXUS_AI,208.57,208.32,208.82,560,
20,NEXUS_AI,208.18,207.93,208.43,597,
21,NEXUS_AI,208.91,208.66,209.16,290,
22,NEXUS_AI,210.82,210.57,211.07,393,
23,NEXUS_AI,213.38,213.13,213.63,484,
24,NEXUS_AI,213.9,213.65,214.15,369,
25,NEXUS_AI,214.81,214.56,215.06,279,
26,NEXUS_AI,216.05,215.8,216.3,520,
27,NEXUS_AI,217.87,217.62,218.12,354,
28,NEXUS_AI,218.97,218.72,219.22,562,
29,NEXUS_AI,220.42,220.17,220.67,294,
30,NEXUS_AI,220.8,220.55,221.05,474,
31,NEXUS_AI,222.41,222.16,222.66,313,
32,NEXUS_AI,223.62,223.37,223.87,585,
33,NEXUS_AI,226.25,226.0,226.5,487,
34,NEXUS_AI,227.53,227.28,227.78,528,
35,NEXUS_AI,230.12,229.87,230.37,324,
36,NEXUS_AI,230.89,230.64,231.14,258,
37,NEXUS_AI,235.25,235.0,235.5,570,
38,NEXUS_AI,235.18,234.93,235.43,463,
39,NEXUS_AI,236.97,236.72,237.22,222,
40,NEXUS_AI,239.48,239.23,239.73,249,
41,NEXUS_AI,242.82,242.57,243.07,595,
42,NEXUS_AI,244.25,244.0,244.5,522,
43,NEXUS_AI,245.66,245.41,245.91,417,
44,NEXUS_AI,248.83,248.58,249.08,579,
45,NEXUS_AI,248.66,248.41,248.91,236,
46,NEXUS_AI,250.59,250.34,250.84,237,
47,NEXUS_AI,252.26,252.01,252.51,328,
48,NEXUS_AI,255.41,255.16,255.66,408,
49,NEXUS_AI,255.03,254.78,255.28,407,
50,NEXUS_AI,256.57,256.32,256.82,203,
51,NEXUS_AI,258.96,258.71,259.21,581,
52,NEXUS_AI,261.61,261.36,261.86,457,
53,NEXUS_AI,262.69,262.44,262.94,551,
54,NEXUS_AI,264.15,263.9,264.4,395,
55,NEXUS_AI,268.84,268.59,269.09,215,
56,NEXUS_AI,271.21,270.96,271.46,479,
57,NEXUS_AI,275.17,274.92,275.42,273,
58,NEXUS_AI,279.0,278.75,279.25,573,
59,NEXUS_AI,279.9,279.65,280.15,205,
60,NEXUS_AI,282.12,281.87,282.37,493,
61,NEXUS_AI,284.4,284.15,284.65,480,
62,NEXUS_AI,286.37,286.12,286.62,376,
63,NEXUS_AI,285.77,285.52,286.02,530,
64,NEXUS_AI,288.44,288.19,288.69,329,
65,NEXUS_AI,291.96,291.71,292.21,543,
66,NEXUS_AI,295.62,295.37,295.87,481,
67,NEXUS_AI,295.38,295.13,295.63,237,
68,NEXUS_AI,297.38,297.13,297.63,497,
69,NEXUS_AI,300.17,299.92,300.42,382,
70,NEXUS_AI,302.27,302.02,302.52,235,
71,NEXUS_AI,305.25,305.0,305.5,430,
72,NEXUS_AI,306.7,306.45,306.95,489,
73,NEXUS_AI,310.2,309.95,310.45,361,
74,NEXUS_AI,311.38,311.13,311.63,564,
75,NEXUS_AI,315.32,315.07,315.57,384,
76,NEXUS_AI,316.65,316.4,316.9,428,
77,NEXUS_AI,319.85,319.6,320.1,449,
78,NEXUS_AI,321.54,321.29,321.79,343,
79,NEXUS_AI,323.15,322.9,323.4,300,
80,NEXUS_AI,323.8,323.55,324.05,209,
81,NEXUS_AI,324.42,324.17,324.67,497,
82,NEXUS_AI,324.21,323.96,324.46,482,
83,NEXUS_AI,324.81,324.56,325.06,476,
84,NEXUS_AI,327.52,327.27,327.77,595,
85,NEXUS_AI,330.49,330.24,330.74,348,
86,NEXUS_AI,331.28,331.03,331.53,457,
87,NEXUS_AI,333.2,332.95,333.45,514,
88,NEXUS_AI,335.65,335.4,335.9,489,
89,NEXUS_AI,338.2,337.95,338.45,274,
90,NEXUS_AI,342.17,341.92,342.42,318,
91,NEXUS_AI,344.68,344.43,344.93,319,
92,NEXUS_AI,344.56,344.31,344.81,398,
93,NEXUS_AI,346.33,346.08,346.58,223,
94,NEXUS_AI,347.49,347.24,347.74,466,
95,NEXUS_AI,351.16,350.91,351.41,334,
96,NEXUS_AI,353.96,353.71,354.21,387,
97,NEXUS_AI,357.51,357.26,357.76,239,
98,NEXUS_AI,360.35,360.1,360.6,407,
99,NEXUS_AI,362.21,361.96,362.46,376,
100,NEXUS_AI,364.31,364.06,364.56,271,
101,NEXUS_AI,366.22,365.97,366.47,239,
102,NEXUS_AI,368.41,368.16,368.66,385,
103,NEXUS_AI,371.16,370.91,371.41,260,
104,NEXUS_AI,372.87,372.62,373.12,545,
105,NEXUS_AI,375.39,375.14,375.64,502,
106,NEXUS_AI,376.63,376.38,376.88,265,
107,NEXUS_AI,379.11,378.86,379.36,268,
108,NEXUS_AI,381.63,381.38,381.88,285,
109,NEXUS_AI,383.2,382.95,383.45,464,
110,NEXUS_AI,384.99,384.74,385.24,568,
111,NEXUS_AI,386.9,386.65,387.15,310,
112,NEXUS_AI,387.54,387.29,387.79,312,
113,NEXUS_AI,389.79,389.54,390.04,498,
114,NEXUS_AI,391.06,390.81,391.31,551,
115,NEXUS_AI,393.01,392.76,393.26,505,
116,NEXUS_AI,394.55,394.3,394.8,208,
117,NEXUS_AI,396.99,396.74,397.24,458,
118,NEXUS_AI,398.4,398.15,398.65,514,
119,NEXUS_AI,399.94,399.69,400.19,472,
120,NEXUS_AI,400,399.75,400.25,508,
121,NEXUS_AI,400,399.75,400.25,596,
122,NEXUS_AI,400,399.75,400.25,471,
123,NEXUS_AI,400,399.75,400.25,446,
124,NEXUS_AI,400,399.75,400.25,556,
125,NEXUS_AI,399.53,399.28,399.78,268,
126,NEXUS_AI,400,399.75,400.25,345,
127,NEXUS_AI,400,399.75,400.25,409,
128,NEXUS_AI,400,399.75,400.25,495,
129,NEXUS_AI,399.95,399.7,400.2,203,
130,NEXUS_AI,400,399.75,400.25,385,
131,NEXUS_AI,400,399.75,400.25,533,
132,NEXUS_AI,400,399.75,400.25,387,
133,NEXUS_AI,400,399.75,400.25,548,
134,NEXUS_AI,400,399.75,400.25,447,
135,NEXUS_AI,400,399.75,400.25,484,
136,NEXUS_AI,400,399.75,400.25,561,
137,NEXUS_AI,400,399.75,400.25,537,
138,NEXUS_AI,398.18,397.93,398.43,282,
139,NEXUS_AI,398.69,398.44,398.94,405,
140,NEXUS_AI,397.15,396.9,397.4,226,
141,NEXUS_AI,395.75,395.5,396.0,525,
142,NEXUS_AI,396.07,395.82,396.32,507,
143,NEXUS_AI,394.55,394.3,394.8,334,
144,NEXUS_AI,392.72,392.47,392.97,405,
145,NEXUS_AI,391.09,390.84,391.34,346,
146,NEXUS_AI,390.78,390.53,391.03,453,
147,NEXUS_AI,389.59,389.34,389.84,536,
148,NEXUS_AI,390.69,390.44,390.94,464,
149,NEXUS_AI,390.49,390.24,390.74,545,
150,NEXUS_AI,388.07,387.82,388.32,244,
151,NEXUS_AI,384.71,384.46,384.96,380,
152,NEXUS_AI,384.08,383.83,384.33,560,
153,NEXUS_AI,383.51,383.26,383.76,481,
154,NEXUS_AI,381.2,380.95,381.45,377,
155,NEXUS_AI,379.76,379.51,380.01,299,
156,NEXUS_AI,377.98,377.73,378.23,408,
157,NEXUS_AI,376.59,376.34,376.84,237,
158,NEXUS_AI,377.62,377.37,377.87,331,
159,NEXUS_AI,375.84,375.59,376.09,494,
160,NEXUS_AI,376.21,375.96,376.46,594,
161,NEXUS_AI,374.68,374.43,374.93,597,
162,NEXUS_AI,375.32,375.07,375.57,446,
163,NEXUS_AI,372.58,372.33,372.83,395,
164,NEXUS_AI,371.35,371.1,371.6,380,
165,NEXUS_AI,370.97,370.72,371.22,558,
166,NEXUS_AI,371.02,370.77,371.27,375,
167,NEXUS_AI,370.51,370.26,370.76,291,
168,NEXUS_AI,369.28,369.03,369.53,293,
169,NEXUS_AI,369.23,368.98,369.48,302,
170,NEXUS_AI,368.14,367.89,368.39,303,
171,NEXUS_AI,365.83,365.58,366.08,382,
172,NEXUS_AI,364.4,364.15,364.65,539,
173,NEXUS_AI,362.88,362.63,363.13,591,
174,NEXUS_AI,361.63,361.38,361.88,361,
175,NEXUS_AI,358.68,358.43,358.93,494,
176,NEXUS_AI,359.34,359.09,359.59,343,
177,NEXUS_AI,357.08,356.83,357.33,495,
178,NEXUS_AI,355.5,355.25,355.75,476,
179,NEXUS_AI,352.19,351.94,352.44,401,
180,NEXUS_AI,351.25,351.0,351.5,361,
181,NEXUS_AI,350.24,349.99,350.49,307,
182,NEXUS_AI,347.49,347.24,347.74,332,
183,NEXUS_AI,346.96,346.71,347.21,321,
184,NEXUS_AI,344.09,343.84,344.34,455,
185,NEXUS_AI,341.34,341.09,341.59,558,
186,NEXUS_AI,338.28,338.03,338.53,492,
187,NEXUS_AI,337.05,336.8,337.3,551,
188,NEXUS_AI,334.65,334.4,334.9,484,
189,NEXUS_AI,330.52,330.27,330.77,300,
190,NEXUS_AI,328.42,328.17,328.67,204,
191,NEXUS_AI,325.07,324.82,325.32,268,
192,NEXUS_AI,322.68,322.43,322.93,353,
193,NEXUS_AI,318.61,318.36,318.86,490,
194,NEXUS_AI,316.46,316.21,316.71,330,
195,NEXUS_AI,314.07,313.82,314.32,249,
196,NEXUS_AI,312.0,311.75,312.25,485,
197,NEXUS_AI,311.13,310.88,311.38,410,
198,NEXUS_AI,308.43,308.18,308.68,495,
199,NEXUS_AI,304.95,304.7,305.2,475,
200,NEXUS_AI,302.72,302.47,302.97,461,
201,NEXUS_AI,301.76,301.51,302.01,428,
202,NEXUS_AI,299.37,299.12,299.62,274,
203,NEXUS_AI,299.02,298.77,299.27,372,
204,NEXUS_AI,294.92,294.67,295.17,236,
205,NEXUS_AI,291.91,291.66,292.16,316,
206,NEXUS_AI,289.66,289.41,289.91,530,
207,NEXUS_AI,288.58,288.33,288.83,427,
208,NEXUS_AI,285.28,285.03,285.53,285,
209,NEXUS_AI,283.11,282.86,283.36,264,
210,NEXUS_AI,282.84,282.59,283.09,240,
211,NEXUS_AI,280.16,279.91,280.41,252,
212,NEXUS_AI,279.25,279.0,279.5,213,
213,NEXUS_AI,276.21,275.96,276.46,242,
214,NEXUS_AI,275.19,274.94,275.44,399,
215,NEXUS_AI,274.64,274.39,274.89,577,
216,NEXUS_AI,273.67,273.42,273.92,287,
217,NEXUS_AI,272.72,272.47,272.97,382,
218,NEXUS_AI,268.34,268.09,268.59,339,
219,NEXUS_AI,266.84,266.59,267.09,557,
220,NEXUS_AI,263.45,263.2,263.7,525,
221,NEXUS_AI,260.48,260.23,260.73,527,
222,NEXUS_AI,257.62,257.37,257.87,245,
223,NEXUS_AI,256.84,256.59,257.09,411,
224,NEXUS_AI,256.3,256.05,256.55,588,
225,NEXUS_AI,254.4,254.15,254.65,440,
226,NEXUS_AI,254.96,254.71,255.21,444,
227,NEXUS_AI,251.6,251.35,251.85,420,
228,NEXUS_AI,250.03,249.78,250.28,296,
229,NEXUS_AI,246.59,246.34,246.84,423,
230,NEXUS_AI,244.21,243.96,244.46,393,
231,NEXUS_AI,240.52,240.27,240.77,416,
232,NEXUS_AI,238.76,238.51,239.01,555,
233,NEXUS_AI,234.14,233.89,234.39,580,
234,NEXUS_AI,230.13,229.88,230.38,293,
235,NEXUS_AI,229.35,229.1,229.6,526,
236,NEXUS_AI,227.12,226.87,227.37,296,
237,NEXUS_AI,226.78,226.53,227.03,225,
238,NEXUS_AI,225.74,225.49,225.99,264,
239,NEXUS_AI,223.57,223.32,223.82,319,
240,NEXUS_AI,220.48,220.23,220.73,359,
241,NEXUS_AI,218.52,218.27,218.77,437,
242,NEXUS_AI,218.16,217.91,218.41,228,
243,NEXUS_AI,213.7,213.45,213.95,236,
244,NEXUS_AI,212.52,212.27,212.77,395,
245,NEXUS_AI,212.67,212.42,212.92,593,
246,NEXUS_AI,211.57,211.32,211.82,217,
247,NEXUS_AI,209.43,209.18,209.68,594,
248,NEXUS_AI,208.77,208.52,209.02,548,
249,NEXUS_AI,206.62,206.37,206.87,281,
250,NEXUS_AI,204.57,204.32,204.82,262,
251,NEXUS_AI,201.06,200.81,201.31,352,
252,NEXUS_AI,200.74,200.49,200.99,257,
253,NEXUS_AI,199.31,199.06,199.56,366,
254,NEXUS_AI,197.21,196.96,197.46,324,
255,NEXUS_AI,195.81,195.56,196.06,497,
256,NEXUS_AI,194.97,194.72,195.22,327,
257,NEXUS_AI,194.67,194.42,194.92,551,
258,NEXUS_AI,194.66,194.41,194.91,230,
259,NEXUS_AI,192.28,192.03,192.53,278,
260,NEXUS_AI,190.89,190.64,191.14,485,
261,NEXUS_AI,189.51,189.26,189.76,424,
262,NEXUS_AI,186.13,185.88,186.38,328,
263,NEXUS_AI,185.47,185.22,185.72,424,
264,NEXUS_AI,183.21,182.96,183.46,295,
265,NEXUS_AI,180.48,180.23,180.73,574,
266,NEXUS_AI,179.78,179.53,180.03,483,
267,NEXUS_AI,175.46,175.21,175.71,279,
268,NEXUS_AI,173.36,173.11,173.61,200,
269,NEXUS_AI,172.5,172.25,172.75,294,
270,NEXUS_AI,171.47,171.22,171.72,364,
271,NEXUS_AI,172.84,172.59,173.09,475,
272,NEXUS_AI,172.16,171.91,172.41,278,
273,NEXUS_AI,170.47,170.22,170.72,409,
274,NEXUS_AI,170.24,169.99,170.49,266,
275,NEXUS_AI,170.46,170.21,170.71,303,
276,NEXUS_AI,172.07,171.82,172.32,398,
277,NEXUS_AI,173.36,173.11,173.61,559,
278,NEXUS_AI,172.69,172.44,172.94,236,
279,NEXUS_AI,174.4,174.15,174.65,306,
280,NEXUS_AI,175.64,175.39,175.89,527,
281,NEXUS_AI,175.08,174.83,175.33,580,
282,NEXUS_AI,175.88,175.63,176.13,515,
283,NEXUS_AI,176.21,175.96,176.46,575,
284,NEXUS_AI,177.75,177.5,178.0,465,
285,NEXUS_AI,178.98,178.73,179.23,318,
286,NEXUS_AI,180.46,180.21,180.71,491,
287,NEXUS_AI,183.06,182.81,183.31,485,
288,NEXUS_AI,185.4,185.15,185.65,383,
289,NEXUS_AI,187.52,187.27,187.77,418,
290,NEXUS_AI,189.12,188.87,189.37,372,
291,NEXUS_AI,191.36,191.11,191.61,507,
292,NEXUS_AI,193.82,193.57,194.07,366,
293,NEXUS_AI,194.2,193.95,194.45,524,
294,NEXUS_AI,195.14,194.89,195.39,479,
295,NEXUS_AI,197.31,197.06,197.56,481,
296,NEXUS_AI,195.81,195.56,196.06,200,
297,NEXUS_AI,198.2,197.95,198.45,505,
298,NEXUS_AI,200.76,200.51,201.01,353,
299,NEXUS_AI,202.3,202.05,202.55,361,
300,NEXUS_AI,206.03,205.78,206.28,483,
301,NEXUS_AI,206.95,206.7,207.2,492,
302,NEXUS_AI,208.0,207.75,208.25,335,
303,NEXUS_AI,209.96,209.71,210.21,327,
304,NEXUS_AI,211.31,211.06,211.56,491,
305,NEXUS_AI,214.69,214.44,214.94,570,
306,NEXUS_AI,217.69,217.44,217.94,553,
307,NEXUS_AI,221.68,221.43,221.93,248,
308,NEXUS_AI,225.8,225.55,226.05,395,
309,NEXUS_AI,228.31,228.06,228.56,594,
310,NEXUS_AI,230.82,230.57,231.07,261,
311,NEXUS_AI,231.68,231.43,231.93,508,
312,NEXUS_AI,233.41,233.16,233.66,468,
313,NEXUS_AI,235.12,234.87,235.37,489,
314,NEXUS_AI,236.89,236.64,237.14,544,
315,NEXUS_AI,238.24,237.99,238.49,585,
316,NEXUS_AI,241.32,241.07,241.57,401,
317,NEXUS_AI,244.0,243.75,244.25,242,
318,NEXUS_AI,247.15,246.9,247.4,243,
319,NEXUS_AI,249.52,249.27,249.77,596,
320,NEXUS_AI,250.73,250.48,250.98,402,
321,NEXUS_AI,252.83,252.58,253.08,515,
322,NEXUS_AI,256.7,256.45,256.95,365,
323,NEXUS_AI,259.6,259.35,259.85,543,
324,NEXUS_AI,260.99,260.74,261.24,504,
325,NEXUS_AI,263.85,263.6,264.1,286,
326,NEXUS_AI,267.15,266.9,267.4,274,
327,NEXUS_AI,269.07,268.82,269.32,319,
328,NEXUS_AI,272.14,271.89,272.39,243,
329,NEXUS_AI,275.75,275.5,276.0,324,
330,NEXUS_AI,279.26,279.01,279.51,207,
331,NEXUS_AI,279.63,279.38,279.88,256,
332,NEXUS_AI,282.44,282.19,282.69,475,
333,NEXUS_AI,284.56,284.31,284.81,467,
334,NEXUS_AI,283.88,283.63,284.13,555,
335,NEXUS_AI,283.27,283.02,283.52,539,
336,NEXUS_AI,285.74,285.49,285.99,556,
337,NEXUS_AI,288.6,288.35,288.85,438,
338,NEXUS_AI,289.65,289.4,289.9,537,
339,NEXUS_AI,290.16,289.91,290.41,209,
340,NEXUS_AI,291.64,291.39,291.89,394,
341,NEXUS_AI,292.94,292.69,293.19,250,
342,NEXUS_AI,294.52,294.27,294.77,301,
343,NEXUS_AI,296.22,295.97,296.47,487,
344,NEXUS_AI,299.13,298.88,299.38,450,
345,NEXUS_AI,300.65,300.4,300.9,209,
346,NEXUS_AI,302.02,301.77,302.27,456,
347,NEXUS_AI,304.82,304.57,305.07,520,
348,NEXUS_AI,308.53,308.28,308.78,215,
349,NEXUS_AI,309.13,308.88,309.38,315,
350,NEXUS_AI,310.62,310.37,310.87,573,
351,NEXUS_AI,313.02,312.77,313.27,547,
352,NEXUS_AI,314.54,314.29,314.79,493,
353,NEXUS_AI,315.39,315.14,315.64,359,
354,NEXUS_AI,316.6,316.35,316.85,270,
355,NEXUS_AI,318.39,318.14,318.64,303,
356,NEXUS_AI,319.98,319.73,320.23,269,
357,NEXUS_AI,320.58,320.33,320.83,594,
358,NEXUS_AI,321.93,321.68,322.18,234,
359,NEXUS_AI,323.65,323.4,323.9,568,
360,NEXUS_AI,326.01,325.76,326.26,215,
361,NEXUS_AI,327.44,327.19,327.69,411,
362,NEXUS_AI,329.38,329.13,329.63,526,
363,NEXUS_AI,329.15,328.9,329.4,296,
364,NEXUS_AI,334.61,334.36,334.86,515,
365,NEXUS_AI,337.18,336.93,337.43,513,
366,NEXUS_AI,339.22,338.97,339.47,240,
367,NEXUS_AI,341.49,341.24,341.74,509,
368,NEXUS_AI,341.84,341.59,342.09,451,
369,NEXUS_AI,345.51,345.26,345.76,298,
370,NEXUS_AI,347.53,347.28,347.78,338,
371,NEXUS_AI,349.32,349.07,349.57,543,
372,NEXUS_AI,353.83,353.58,354.08,424,
373,NEXUS_AI,356.94,356.69,357.19,366,
374,NEXUS_AI,357.08,356.83,357.33,511,
375,NEXUS_AI,359.99,359.74,360.24,401,
376,NEXUS_AI,360.65,360.4,360.9,528,
377,NEXUS_AI,362.0,361.75,362.25,431,
378,NEXUS_AI,367.84,367.59,368.09,465,
379,NEXUS_AI,370.88,370.63,371.13,576,
380,NEXUS_AI,371.2,370.95,371.45,225,
381,NEXUS_AI,373.03,372.78,373.28,403,
382,NEXUS_AI,374.86,374.61,375.11,350,
383,NEXUS_AI,377.57,377.32,377.82,553,
384,NEXUS_AI,377.89,377.64,378.14,246,
385,NEXUS_AI,380.28,380.03,380.53,598,
386,NEXUS_AI,382.06,381.81,382.31,411,
387,NEXUS_AI,383.45,383.2,383.7,291,
388,NEXUS_AI,385.27,385.02,385.52,432,
389,NEXUS_AI,386.48,386.23,386.73,554,
390,NEXUS_AI,388.9,388.65,389.15,430,
391,NEXUS_AI,391.32,391.07,391.57,562,
392,NEXUS_AI,394.95,394.7,395.2,281,
393,NEXUS_AI,396.69,396.44,396.94,222,
394,NEXUS_AI,397.08,396.83,397.33,276,
395,NEXUS_AI,398.37,398.12,398.62,291,
396,NEXUS_AI,399.62,399.37,399.87,428,
397,NEXUS_AI,400,399.75,400.25,260,
398,NEXUS_AI,400,399.75,400.25,206,
399,NEXUS_AI,400,399.75,400.25,455,
400,NEXUS_AI,400,399.75,400.25,311,
401,NEXUS_AI,400,399.75,400.25,432,
402,NEXUS_AI,400,399.75,400.25,480,
403,NEXUS_AI,400,399.75,400.25,485,
404,NEXUS_AI,400,399.75,400.25,218,
405,NEXUS_AI,400,399.75,400.25,541,
406,NEXUS_AI,400,399.75,400.25,225,
407,NEXUS_AI,400,399.75,400.25,291,
408,NEXUS_AI,398.48,398.23,398.73,504,
409,NEXUS_AI,397.13,396.88,397.38,290,
410,NEXUS_AI,396.68,396.43,396.93,593,
411,NEXUS_AI,396.66,396.41,396.91,394,
412,NEXUS_AI,396.56,396.31,396.81,441,
413,NEXUS_AI,395.82,395.57,396.07,340,
414,NEXUS_AI,393.57,393.32,393.82,513,
415,NEXUS_AI,392.84,392.59,393.09,573,
416,NEXUS_AI,393.98,393.73,394.23,509,
417,NEXUS_AI,394.44,394.19,394.69,362,
418,NEXUS_AI,394.97,394.72,395.22,266,
419,NEXUS_AI,394.28,394.03,394.53,466,
420,NEXUS_AI,394.47,394.22,394.72,319,
421,NEXUS_AI,391.36,391.11,391.61,200,
422,NEXUS_AI,390.14,389.89,390.39,306,
423,NEXUS_AI,388.83,388.58,389.08,411,
424,NEXUS_AI,386.32,386.07,386.57,205,
425,NEXUS_AI,384.71,384.46,384.96,330,
426,NEXUS_AI,382.63,382.38,382.88,203,
427,NEXUS_AI,381.5,381.25,381.75,374,
428,NEXUS_AI,380.14,379.89,380.39,289,
429,NEXUS_AI,378.76,378.51,379.01,373,
430,NEXUS_AI,378.0,377.75,378.25,446,
431,NEXUS_AI,375.03,374.78,375.28,474,
432,NEXUS_AI,374.75,374.5,375.0,228,
433,NEXUS_AI,370.81,370.56,371.06,571,
434,NEXUS_AI,370.92,370.67,371.17,369,
435,NEXUS_AI,369.63,369.38,369.88,276,
436,NEXUS_AI,367.46,367.21,367.71,473,
437,NEXUS_AI,366.84,366.59,367.09,399,
438,NEXUS_AI,366.5,366.25,366.75,561,
439,NEXUS_AI,363.27,363.02,363.52,339,
440,NEXUS_AI,362.35,362.1,362.6,354,
441,NEXUS_AI,359.74,359.49,359.99,289,
442,NEXUS_AI,358.68,358.43,358.93,247,
443,NEXUS_AI,356.98,356.73,357.23,447,
444,NEXUS_AI,354.31,354.06,354.56,468,
445,NEXUS_AI,353.49,353.24,353.74,273,
446,NEXUS_AI,353.16,352.91,353.41,267,
447,NEXUS_AI,350.47,350.22,350.72,435,
448,NEXUS_AI,348.36,348.11,348.61,222,
449,NEXUS_AI,346.35,346.1,346.6,370,
450,NEXUS_AI,345.98,345.73,346.23,581,
451,NEXUS_AI,345.22,344.97,345.47,588,
452,NEXUS_AI,343.42,343.17,343.67,346,
453,NEXUS_AI,342.19,341.94,342.44,595,
454,NEXUS_AI,340.09,339.84,340.34,258,
455,NEXUS_AI,338.79,338.54,339.04,486,
456,NEXUS_AI,335.33,335.08,335.58,338,
457,NEXUS_AI,332.93,332.68,333.18,345,
458,NEXUS_AI,332.42,332.17,332.67,373,
459,NEXUS_AI,331.13,330.88,331.38,266,
460,NEXUS_AI,328.88,328.63,329.13,227,
461,NEXUS_AI,326.37,326.12,326.62,291,
462,NEXUS_AI,323.11,322.86,323.36,428,
463,NEXUS_AI,319.77,319.52,320.02,370,
464,NEXUS_AI,317.07,316.82,317.32,586,
465,NEXUS_AI,313.77,313.52,314.02,247,
466,NEXUS_AI,311.13,310.88,311.38,592,
467,NEXUS_AI,310.73,310.48,310.98,314,
468,NEXUS_AI,306.76,306.51,307.01,400,
469,NEXUS_AI,302.98,302.73,303.23,540,
470,NEXUS_AI,301.96,301.71,302.21,215,
471,NEXUS_AI,299.07,298.82,299.32,379,
472,NEXUS_AI,298.05,297.8,298.3,509,
473,NEXUS_AI,297.85,297.6,298.1,252,
474,NEXUS_AI,296.16,295.91,296.41,532,
475,NEXUS_AI,293.14,292.89,293.39,472,
476,NEXUS_AI,289.71,289.46,289.96,480,
477,NEXUS_AI,288.58,288.33,288.83,396,
478,NEXUS_AI,287.2,286.95,287.45,422,
479,NEXUS_AI,283.73,283.48,283.98,478,
480,NEXUS_AI,280.77,280.52,281.02,564,
481,NEXUS_AI,277.05,276.8,277.3,258,
482,NEXUS_AI,274.8,274.55,275.05,427,
483,NEXUS_AI,273.29,273.04,273.54,407,
484,NEXUS_AI,270.65,270.4,270.9,394,
485,NEXUS_AI,267.17,266.92,267.42,538,
486,NEXUS_AI,266.19,265.94,266.44,586,
487,NEXUS_AI,261.9,261.65,262.15,538,
488,NEXUS_AI,259.47,259.22,259.72,428,
489,NEXUS_AI,259.08,258.83,259.33,362,
490,NEXUS_AI,257.95,257.7,258.2,422,
491,NEXUS_AI,255.42,255.17,255.67,498,
492,NEXUS_AI,251.1,250.85,251.35,350,
493,NEXUS_AI,248.95,248.7,249.2,481,
494,NEXUS_AI,243.85,243.6,244.1,256,
495,NEXUS_AI,240.62,240.37,240.87,320,
496,NEXUS_AI,237.8,237.55,238.05,395,
497,NEXUS_AI,236.45,236.2,236.7,479,
498,NEXUS_AI,233.68,233.43,233.93,396,
499,NEXUS_AI,231.8,231.55,232.05,278,
500,NEXUS_AI,229.49,229.24,229.74,236,
501,NEXUS_AI,226.93,226.68,227.18,449,
502,NEXUS_AI,225.36,225.11,225.61,412,
503,NEXUS_AI,223.85,223.6,224.1,556,
504,NEXUS_AI,220.9,220.65,221.15,417,
505,NEXUS_AI,217.98,217.73,218.23,396,
506,NEXUS_AI,215.85,215.6,216.1,455,
507,NEXUS_AI,213.92,213.67,214.17,337,
508,NEXUS_AI,211.64,211.39,211.89,219,
509,NEXUS_AI,209.49,209.24,209.74,388,
510,NEXUS_AI,207.97,207.72,208.22,573,
511,NEXUS_AI,205.85,205.6,206.1,584,
512,NEXUS_AI,206.07,205.82,206.32,245,
513,NEXUS_AI,205.26,205.01,205.51,579,
514,NEXUS_AI,201.73,201.48,201.98,513,
515,NEXUS_AI,199.35,199.1,199.6,473,
516,NEXUS_AI,196.0,195.75,196.25,575,
517,NEXUS_AI,193.89,193.64,194.14,350,
518,NEXUS_AI,191.35,191.1,191.6,355,
519,NEXUS_AI,187.82,187.57,188.07,522,
520,NEXUS_AI,184.25,184.0,184.5,349,
521,NEXUS_AI,181.47,181.22,181.72,448,
522,NEXUS_AI,181.33,181.08,181.58,329,
523,NEXUS_AI,180.31,180.06,180.56,340,
524,NEXUS_AI,178.88,178.63,179.13,502,
525,NEXUS_AI,177.36,177.11,177.61,389,
526,NEXUS_AI,174.94,174.69,175.19,470,
527,NEXUS_AI,171.62,171.37,171.87,243,
528,NEXUS_AI,170.62,170.37,170.87,585,
529,NEXUS_AI,166.56,166.31,166.81,321,
530,NEXUS_AI,165.34,165.09,165.59,376,
531,NEXUS_AI,164.71,164.46,164.96,586,
532,NEXUS_AI,161.38,161.13,161.63,443,
533,NEXUS_AI,159.68,159.43,159.93,549,
534,NEXUS_AI,159.17,158.92,159.42,206,
535,NEXUS_AI,159.08,158.83,159.33,429,
536,NEXUS_AI,158.85,158.6,159.1,221,
537,NEXUS_AI,156.42,156.17,156.67,526,
538,NEXUS_AI,151.98,151.73,152.23,339,
539,NEXUS_AI,151.09,150.84,151.34,250,
540,NEXUS_AI,147.49,147.24,147.74,583,
541,NEXUS_AI,146.8,146.55,147.05,501,
542,NEXUS_AI,143.13,142.88,143.38,360,
543,NEXUS_AI,137.72,137.47,137.97,204,
544,NEXUS_AI,138.2,137.95,138.45,428,
545,NEXUS_AI,138.58,138.33,138.83,345,
546,NEXUS_AI,139.19,138.94,139.44,504,
547,NEXUS_AI,139.43,139.18,139.68,526,
548,NEXUS_AI,141.38,141.13,141.63,266,
549,NEXUS_AI,143.28,143.03,143.53,531,
550,NEXUS_AI,143.87,143.62,144.12,294,
551,NEXUS_AI,144.79,144.54,145.04,538,
552,NEXUS_AI,146.09,145.84,146.34,418,
553,NEXUS_AI,146.12,145.87,146.37,599,
554,NEXUS_AI,147.75,147.5,148.0,230,
555,NEXUS_AI,148.8,148.55,149.05,335,
556,NEXUS_AI,146.69,146.44,146.94,512,
557,NEXUS_AI,147.51,147.26,147.76,451,
558,NEXUS_AI,148.31,148.06,148.56,529,
559,NEXUS_AI,148.25,148.0,148.5,566,
560,NEXUS_AI,150.46,150.21,150.71,328,
561,NEXUS_AI,151.97,151.72,152.22,454,
562,NEXUS_AI,153.19,152.94,153.44,399,
563,NEXUS_AI,154.11,153.86,154.36,368,
564,NEXUS_AI,152.24,151.99,152.49,451,
565,NEXUS_AI,152.98,152.73,153.23,572,
566,NEXUS_AI,157.03,156.78,157.28,599,
567,NEXUS_AI,158.19,157.94,158.44,474,
568,NEXUS_AI,159.19,158.94,159.44,531,
569,NEXUS_AI,160.75,160.5,161.0,374,
570,NEXUS_AI,162.06,161.81,162.31,303,
571,NEXUS_AI,162.37,162.12,162.62,396,
572,NEXUS_AI,163.27,163.02,163.52,552,
573,NEXUS_AI,165.02,164.77,165.27,523,
574,NEXUS_AI,166.97,166.72,167.22,568,
575,NEXUS_AI,169.06,168.81,169.31,399,
576,NEXUS_AI,169.74,169.49,169.99,430,
577,NEXUS_AI,170.21,169.96,170.46,228,
578,NEXUS_AI,172.43,172.18,172.68,534,
579,NEXUS_AI,174.28,174.03,174.53,547,
580,NEXUS_AI,173.6,173.35,173.85,218,
581,NEXUS_AI,174.06,173.81,174.31,209,
582,NEXUS_AI,175.25,175.0,175.5,532,
583,NEXUS_AI,176.51,176.26,176.76,523,
584,NEXUS_AI,178.68,178.43,178.93,512,
585,NEXUS_AI,180.19,179.94,180.44,232,
586,NEXUS_AI,180.82,180.57,181.07,232,
587,NEXUS_AI,181.88,181.63,182.13,577,
588,NEXUS_AI,185.44,185.19,185.69,270,
589,NEXUS_AI,187.2,186.95,187.45,309,
590,NEXUS_AI,188.89,188.64,189.14,272,
591,NEXUS_AI,191.41,191.16,191.66,389,
592,NEXUS_AI,193.47,193.22,193.72,268,
593,NEXUS_AI,197.06,196.81,197.31,523,
594,NEXUS_AI,200.41,200.16,200.66,241,
595,NEXUS_AI,204.48,204.23,204.73,245,
596,NEXUS_AI,204.59,204.34,204.84,595,
597,NEXUS_AI,207.69,207.44,207.94,305,
598,NEXUS_AI,208.46,208.21,208.71,289,
599,NEXUS_AI,210.28,210.03,210.53,505,
600,NEXUS_AI,211.89,211.64,212.14,600,
601,NEXUS_AI,213.56,213.31,213.81,202,
602,NEXUS_AI,216.65,216.4,216.9,248,
603,NEXUS_AI,219.64,219.39,219.89,589,
604,NEXUS_AI,220.0,219.75,220.25,306,
605,NEXUS_AI,222.38,222.13,222.63,257,
606,NEXUS_AI,225.71,225.46,225.96,290,
607,NEXUS_AI,227.44,227.19,227.69,222,
608,NEXUS_AI,229.16,228.91,229.41,371,
609,NEXUS_AI,232.41,232.16,232.66,588,
610,NEXUS_AI,234.25,234.0,234.5,290,
611,NEXUS_AI,233.52,233.27,233.77,448,
612,NEXUS_AI,237.04,236.79,237.29,503,
613,NEXUS_AI,237.87,237.62,238.12,301,
614,NEXUS_AI,240.53,240.28,240.78,321,
615,NEXUS_AI,243.08,242.83,243.33,392,
616,NEXUS_AI,244.74,244.49,244.99,423,
617,NEXUS_AI,246.53,246.28,246.78,512,
618,NEXUS_AI,247.6,247.35,247.85,299,
619,NEXUS_AI,250.55,250.3,250.8,338,
620,NEXUS_AI,254.07,253.82,254.32,343,
621,NEXUS_AI,256.39,256.14,256.64,438,
622,NEXUS_AI,258.44,258.19,258.69,351,
623,NEXUS_AI,259.6,259.35,259.85,526,
624,NEXUS_AI,260.25,260.0,260.5,317,
625,NEXUS_AI,261.54,261.29,261.79,467,
626,NEXUS_AI,263.82,263.57,264.07,436,
627,NEXUS_AI,267.15,266.9,267.4,419,
628,NEXUS_AI,268.37,268.12,268.62,502,
629,NEXUS_AI,270.71,270.46,270.96,202,
630,NEXUS_AI,274.02,273.77,274.27,593,
631,NEXUS_AI,276.36,276.11,276.61,471,
632,NEXUS_AI,279.02,278.77,279.27,431,
633,NEXUS_AI,278.9,278.65,279.15,485,
634,NEXUS_AI,280.19,279.94,280.44,383,
635,NEXUS_AI,282.66,282.41,282.91,246,
636,NEXUS_AI,284.03,283.78,284.28,492,
637,NEXUS_AI,287.79,287.54,288.04,432,
638,NEXUS_AI,290.65,290.4,290.9,389,
639,NEXUS_AI,291.78,291.53,292.03,524,
640,NEXUS_AI,296.07,295.82,296.32,370,
641,NEXUS_AI,299.17,298.92,299.42,418,
642,NEXUS_AI,299.97,299.72,300.22,306,
643,NEXUS_AI,300.95,300.7,301.2,371,
644,NEXUS_AI,303.92,303.67,304.17,226,
645,NEXUS_AI,305.3,305.05,305.55,438,
646,NEXUS_AI,306.14,305.89,306.39,560,
647,NEXUS_AI,309.44,309.19,309.69,596,
648,NEXUS_AI,310.68,310.43,310.93,532,
649,NEXUS_AI,313.96,313.71,314.21,585,
650,NEXUS_AI,315.38,315.13,315.63,589,
651,NEXUS_AI,315.46,315.21,315.71,336,
652,NEXUS_AI,317.38,317.13,317.63,376,
653,NEXUS_AI,319.81,319.56,320.06,469,
654,NEXUS_AI,319.61,319.36,319.86,349,
655,NEXUS_AI,321.17,320.92,321.42,544,
656,NEXUS_AI,323.55,323.3,323.8,400,
657,NEXUS_AI,325.21,324.96,325.46,239,
658,NEXUS_AI,327.73,327.48,327.98,277,
659,NEXUS_AI,330.16,329.91,330.41,521,
660,NEXUS_AI,333.64,333.39,333.89,267,
661,NEXUS_AI,335.35,335.1,335.6,427,
662,NEXUS_AI,339.6,339.35,339.85,318,
663,NEXUS_AI,342.53,342.28,342.78,410,
664,NEXUS_AI,343.88,343.63,344.13,503,
665,NEXUS_AI,345.04,344.79,345.29,427,
666,NEXUS_AI,348.47,348.22,348.72,287,
667,NEXUS_AI,352.03,351.78,352.28,390,
668,NEXUS_AI,355.1,354.85,355.35,433,
669,NEXUS_AI,357.43,357.18,357.68,282,
670,NEXUS_AI,361.69,361.44,361.94,554,
671,NEXUS_AI,363.31,363.06,363.56,259,
672,NEXUS_AI,362.07,361.82,362.32,389,
673,NEXUS_AI,361.38,361.13,361.63,562,
674,NEXUS_AI,361.88,361.63,362.13,429,
675,NEXUS_AI,361.53,361.28,361.78,473,
676,NEXUS_AI,364.0,363.75,364.25,593,
677,NEXUS_AI,364.08,363.83,364.33,363,
678,NEXUS_AI,363.46,363.21,363.71,369,
679,NEXUS_AI,359.78,359.53,360.03,348,
680,NEXUS_AI,359.89,359.64,360.14,426,
681,NEXUS_AI,357.5,357.25,357.75,574,
682,NEXUS_AI,357.85,357.6,358.1,357,
683,NEXUS_AI,358.36,358.11,358.61,312,
684,NEXUS_AI,356.9,356.65,357.15,299,
685,NEXUS_AI,357.6,357.35,357.85,600,
686,NEXUS_AI,358.83,358.58,359.08,546,
687,NEXUS_AI,359.14,358.89,359.39,401,
688,NEXUS_AI,357.07,356.82,357.32,228,
689,NEXUS_AI,355.25,355.0,355.5,566,
690,NEXUS_AI,353.56,353.31,353.81,379,
691,NEXUS_AI,353.19,352.94,353.44,487,
692,NEXUS_AI,353.58,353.33,353.83,412,
693,NEXUS_AI,351.15,350.9,351.4,572,
694,NEXUS_AI,347.98,347.73,348.23,506,
695,NEXUS_AI,347.9,347.65,348.15,355,
696,NEXUS_AI,345.51,345.26,345.76,502,
697,NEXUS_AI,343.99,343.74,344.24,409,
698,NEXUS_AI,340.82,340.57,341.07,586,
699,NEXUS_AI,338.75,338.5,339.0,395,
700,NEXUS_AI,339.44,339.19,339.69,499,
701,NEXUS_AI,338.5,338.25,338.75,578,
702,NEXUS_AI,337.12,336.87,337.37,353,
703,NEXUS_AI,334.86,334.61,335.11,540,
704,NEXUS_AI,331.4,331.15,331.65,325,
705,NEXUS_AI,329.83,329.58,330.08,341,
706,NEXUS_AI,329.91,329.66,330.16,497,
707,NEXUS_AI,328.92,328.67,329.17,332,
708,NEXUS_AI,329.25,329.0,329.5,391,
709,NEXUS_AI,326.98,326.73,327.23,208,
710,NEXUS_AI,326.01,325.76,326.26,554,
711,NEXUS_AI,324.4,324.15,324.65,227,
712,NEXUS_AI,320.44,320.19,320.69,224,
713,NEXUS_AI,316.18,315.93,316.43,527,
714,NEXUS_AI,314.26,314.01,314.51,248,
715,NEXUS_AI,311.5,311.25,311.75,478,
716,NEXUS_AI,310.35,310.1,310.6,354,
717,NEXUS_AI,306.73,306.48,306.98,552,
718,NEXUS_AI,302.77,302.52,303.02,206,
719,NEXUS_AI,299.7,299.45,299.95,390,
720,NEXUS_AI,298.33,298.08,298.58,311,
721,NEXUS_AI,295.99,295.74,296.24,296,
722,NEXUS_AI,294.7,294.45,294.95,472,
723,NEXUS_AI,291.42,291.17,291.67,258,
724,NEXUS_AI,291.39,291.14,291.64,208,
725,NEXUS_AI,290.42,290.17,290.67,553,
726,NEXUS_AI,285.1,284.85,285.35,467,
727,NEXUS_AI,284.36,284.11,284.61,355,
728,NEXUS_AI,282.83,282.58,283.08,555,
729,NEXUS_AI,281.25,281.0,281.5,357,
730,NEXUS_AI,280.51,280.26,280.76,590,
731,NEXUS_AI,278.36,278.11,278.61,596,
732,NEXUS_AI,276.91,276.66,277.16,537,
733,NEXUS_AI,275.06,274.81,275.31,440,
734,NEXUS_AI,274.04,273.79,274.29,205,
735,NEXUS_AI,272.31,272.06,272.56,508,
736,NEXUS_AI,270.87,270.62,271.12,214,
737,NEXUS_AI,270.57,270.32,270.82,582,
738,NEXUS_AI,268.16,267.91,268.41,456,
739,NEXUS_AI,266.74,266.49,266.99,491,
740,NEXUS_AI,264.56,264.31,264.81,311,
741,NEXUS_AI,262.47,262.22,262.72,287,
742,NEXUS_AI,260.05,259.8,260.3,458,
743,NEXUS_AI,255.35,255.1,255.6,501,
744,NEXUS_AI,254.08,253.83,254.33,381,
745,NEXUS_AI,251.88,251.63,252.13,463,
746,NEXUS_AI,249.96,249.71,250.21,438,
747,NEXUS_AI,246.92,246.67,247.17,453,
748,NEXUS_AI,244.6,244.35,244.85,367,
749,NEXUS_AI,242.47,242.22,242.72,345,
750,NEXUS_AI,239.23,238.98,239.48,427,
751,NEXUS_AI,240.26,240.01,240.51,348,
752,NEXUS_AI,240.35,240.1,240.6,443,
753,NEXUS_AI,239.32,239.07,239.57,545,
754,NEXUS_AI,236.16,235.91,236.41,546,
755,NEXUS_AI,235.05,234.8,235.3,402,
756,NEXUS_AI,235.0,234.75,235.25,286,
757,NEXUS_AI,232.72,232.47,232.97,301,
758,NEXUS_AI,231.4,231.15,231.65,319,
759,NEXUS_AI,228.39,228.14,228.64,342,
760,NEXUS_AI,226.47,226.22,226.72,404,
761,NEXUS_AI,222.32,222.07,222.57,508,
762,NEXUS_AI,219.64,219.39,219.89,432,
763,NEXUS_AI,217.6,217.35,217.85,450,
764,NEXUS_AI,215.87,215.62,216.12,577,
765,NEXUS_AI,213.77,213.52,214.02,455,
766,NEXUS_AI,210.43,210.18,210.68,278,
767,NEXUS_AI,209.64,209.39,209.89,249,
768,NEXUS_AI,206.26,206.01,206.51,438,
769,NEXUS_AI,204.08,203.83,204.33,454,
770,NEXUS_AI,199.98,199.73,200.23,476,
771,NEXUS_AI,197.4,197.15,197.65,591,
772,NEXUS_AI,195.84,195.59,196.09,430,
773,NEXUS_AI,193.43,193.18,193.68,426,
774,NEXUS_AI,192.21,191.96,192.46,599,
775,NEXUS_AI,191.79,191.54,192.04,284,
776,NEXUS_AI,189.33,189.08,189.58,591,
777,NEXUS_AI,188.43,188.18,188.68,451,
778,NEXUS_AI,185.21,184.96,185.46,280,
779,NEXUS_AI,182.61,182.36,182.86,334,
780,NEXUS_AI,179.31,179.06,179.56,592,
781,NEXUS_AI,178.56,178.31,178.81,214,
782,NEXUS_AI,177.14,176.89,177.39,579,
783,NEXUS_AI,174.19,173.94,174.44,520,
784,NEXUS_AI,168.84,168.59,169.09,410,
785,NEXUS_AI,168.46,168.21,168.71,325,
786,NEXUS_AI,166.27,166.02,166.52,552,
787,NEXUS_AI,164.74,164.49,164.99,258,
788,NEXUS_AI,162.42,162.17,162.67,536,
789,NEXUS_AI,160.34,160.09,160.59,415,
790,NEXUS_AI,158.09,157.84,158.34,362,
791,NEXUS_AI,156.14,155.89,156.39,365,
792,NEXUS_AI,152.3,152.05,152.55,305,
793,NEXUS_AI,150.44,150.19,150.69,591,
794,NEXUS_AI,147.47,147.22,147.72,303,
795,NEXUS_AI,148.48,148.23,148.73,238,
796,NEXUS_AI,146.39,146.14,146.64,493,
797,NEXUS_AI,145.39,145.14,145.64,519,
798,NEXUS_AI,141.98,141.73,142.23,339,
799,NEXUS_AI,139.22,138.97,139.47,471,
800,NEXUS_AI,136.94,136.69,137.19,354,
801,NEXUS_AI,135.33,135.08,135.58,421,
802,NEXUS_AI,132.55,132.3,132.8,463,
803,NEXUS_AI,131.02,130.77,131.27,480,
804,NEXUS_AI,128.01,127.76,128.26,295,
805,NEXUS_AI,124.97,124.72,125.22,538,
806,NEXUS_AI,121.56,121.31,121.81,593,
807,NEXUS_AI,117.9,117.65,118.15,572,
808,NEXUS_AI,116.3,116.05,116.55,323,
809,NEXUS_AI,115.58,115.33,115.83,591,
810,NEXUS_AI,111.57,111.32,111.82,232,
811,NEXUS_AI,110.84,110.59,111.09,336,
812,NEXUS_AI,108.77,108.52,109.02,407,
813,NEXUS_AI,108.4,108.15,108.65,298,
814,NEXUS_AI,109.06,108.81,109.31,486,
815,NEXUS_AI,107.95,107.7,108.2,218,
816,NEXUS_AI,108.67,108.42,108.92,342,
817,NEXUS_AI,109.51,109.26,109.76,221,
818,NEXUS_AI,112.12,111.87,112.37,360,
819,NEXUS_AI,113.24,112.99,113.49,232,
820,NEXUS_AI,112.37,112.12,112.62,403,
821,NEXUS_AI,110.52,110.27,110.77,492,
822,NEXUS_AI,108.72,108.47,108.97,596,
823,NEXUS_AI,108.87,108.62,109.12,246,
824,NEXUS_AI,109.55,109.3,109.8,499,
825,NEXUS_AI,109.1,108.85,109.35,580,
826,NEXUS_AI,109.88,109.63,110.13,309,
827,NEXUS_AI,111.15,110.9,111.4,330,
828,NEXUS_AI,110.07,109.82,110.32,257,
829,NEXUS_AI,110.46,110.21,110.71,443,
830,NEXUS_AI,113.38,113.13,113.63,385,
831,NEXUS_AI,112.37,112.12,112.62,357,
832,NEXUS_AI,113.62,113.37,113.87,578,
833,NEXUS_AI,114.49,114.24,114.74,543,
834,NEXUS_AI,114.29,114.04,114.54,558,
835,NEXUS_AI,116.58,116.33,116.83,550,
836,NEXUS_AI,117.9,117.65,118.15,204,
837,NEXUS_AI,120.48,120.23,120.73,330,
838,NEXUS_AI,122.18,121.93,122.43,307,
839,NEXUS_AI,122.77,122.52,123.02,523,
840,NEXUS_AI,124.36,124.11,124.61,217,
841,NEXUS_AI,124.67,124.42,124.92,599,
842,NEXUS_AI,124.28,124.03,124.53,567,
843,NEXUS_AI,127.13,126.88,127.38,251,
844,NEXUS_AI,127.73,127.48,127.98,508,
845,NEXUS_AI,129.46,129.21,129.71,432,
846,NEXUS_AI,130.82,130.57,131.07,427,
847,NEXUS_AI,132.09,131.84,132.34,302,
848,NEXUS_AI,133.48,133.23,133.73,327,
849,NEXUS_AI,135.17,134.92,135.42,593,
850,NEXUS_AI,136.34,136.09,136.59,363,
851,NEXUS_AI,136.38,136.13,136.63,576,
852,NEXUS_AI,137.52,137.27,137.77,344,
853,NEXUS_AI,137.44,137.19,137.69,388,
854,NEXUS_AI,137.81,137.56,138.06,492,
855,NEXUS_AI,141.4,141.15,141.65,211,
856,NEXUS_AI,141.57,141.32,141.82,436,
857,NEXUS_AI,141.7,141.45,141.95,286,
858,NEXUS_AI,142.86,142.61,143.11,245,
859,NEXUS_AI,145.26,145.01,145.51,490,
860,NEXUS_AI,145.22,144.97,145.47,432,
861,NEXUS_AI,146.89,146.64,147.14,565,
862,NEXUS_AI,150.24,149.99,150.49,347,
863,NEXUS_AI,150.64,150.39,150.89,420,
864,NEXUS_AI,153.62,153.37,153.87,546,
865,NEXUS_AI,155.59,155.34,155.84,409,
866,NEXUS_AI,158.46,158.21,158.71,430,
867,NEXUS_AI,160.33,160.08,160.58,550,
868,NEXUS_AI,159.95,159.7,160.2,554,
869,NEXUS_AI,162.42,162.17,162.67,565,
870,NEXUS_AI,164.34,164.09,164.59,248,
871,NEXUS_AI,165.42,165.17,165.67,370,
872,NEXUS_AI,166.42,166.17,166.67,543,
873,NEXUS_AI,169.72,169.47,169.97,223,
874,NEXUS_AI,170.97,170.72,171.22,402,
875,NEXUS_AI,172.28,172.03,172.53,486,
876,NEXUS_AI,174.19,173.94,174.44,373,
877,NEXUS_AI,177.6,177.35,177.85,362,
878,NEXUS_AI,179.54,179.29,179.79,265,
879,NEXUS_AI,182.57,182.32,182.82,343,
880,NEXUS_AI,184.07,183.82,184.32,513,
881,NEXUS_AI,188.47,188.22,188.72,423,
882,NEXUS_AI,192.51,192.26,192.76,277,
883,NEXUS_AI,194.44,194.19,194.69,536,
884,NEXUS_AI,196.96,196.71,197.21,218,
885,NEXUS_AI,199.65,199.4,199.9,561,
886,NEXUS_AI,204.4,204.15,204.65,220,
887,NEXUS_AI,206.32,206.07,206.57,563,
888,NEXUS_AI,206.0,205.75,206.25,275,
889,NEXUS_AI,208.1,207.85,208.35,304,
890,NEXUS_AI,210.8,210.55,211.05,339,
891,NEXUS_AI,214.05,213.8,214.3,499,
892,NEXUS_AI,217.49,217.24,217.74,492,
893,NEXUS_AI,219.23,218.98,219.48,239,
894,NEXUS_AI,220.12,219.87,220.37,213,
895,NEXUS_AI,219.87,219.62,220.12,548,
896,NEXUS_AI,219.39,219.14,219.64,365,
897,NEXUS_AI,219.8,219.55,220.05,435,
898,NEXUS_AI,223.35,223.1,223.6,202,
899,NEXUS_AI,224.9,224.65,225.15,535,
900,NEXUS_AI,226.02,225.77,226.27,575,
901,NEXUS_AI,229.75,229.5,230.0,224,
902,NEXUS_AI,232.19,231.94,232.44,508,
903,NEXUS_AI,234.34,234.09,234.59,330,
904,NEXUS_AI,236.5,236.25,236.75,210,
905,NEXUS_AI,237.3,237.05,237.55,599,
906,NEXUS_AI,239.33,239.08,239.58,261,
907,NEXUS_AI,239.58,239.33,239.83,421,
908,NEXUS_AI,240.68,240.43,240.93,249,
909,NEXUS_AI,241.99,241.74,242.24,450,
910,NEXUS_AI,242.47,242.22,242.72,416,
911,NEXUS_AI,244.7,244.45,244.95,388,
912,NEXUS_AI,246.33,246.08,246.58,462,
913,NEXUS_AI,247.95,247.7,248.2,546,
914,NEXUS_AI,249.32,249.07,249.57,469,
915,NEXUS_AI,248.62,248.37,248.87,242,
916,NEXUS_AI,252.51,252.26,252.76,353,
917,NEXUS_AI,255.54,255.29,255.79,550,
918,NEXUS_AI,256.55,256.3,256.8,224,
919,NEXUS_AI,258.41,258.16,258.66,223,
920,NEXUS_AI,259.93,259.68,260.18,538,
921,NEXUS_AI,262.17,261.92,262.42,381,
922,NEXUS_AI,264.2,263.95,264.45,579,
923,NEXUS_AI,265.98,265.73,266.23,293,
924,NEXUS_AI,266.36,266.11,266.61,360,
925,NEXUS_AI,269.3,269.05,269.55,587,
926,NEXUS_AI,271.01,270.76,271.26,295,
927,NEXUS_AI,276.12,275.87,276.37,582,
928,NEXUS_AI,277.53,277.28,277.78,209,
929,NEXUS_AI,278.4,278.15,278.65,206,
930,NEXUS_AI,279.21,278.96,279.46,536,
931,NEXUS_AI,281.51,281.26,281.76,355,
932,NEXUS_AI,282.15,281.9,282.4,553,
933,NEXUS_AI,282.92,282.67,283.17,244,
934,NEXUS_AI,285.72,285.47,285.97,556,
935,NEXUS_AI,289.78,289.53,290.03,307,
936,NEXUS_AI,291.02,290.77,291.27,520,
937,NEXUS_AI,291.98,291.73,292.23,354,
938,NEXUS_AI,293.46,293.21,293.71,278,
939,NEXUS_AI,295.74,295.49,295.99,441,
940,NEXUS_AI,294.97,294.72,295.22,491,
941,NEXUS_AI,294.47,294.22,294.72,204,
942,NEXUS_AI,293.55,293.3,293.8,453,
943,NEXUS_AI,290.08,289.83,290.33,483,
944,NEXUS_AI,288.69,288.44,288.94,571,
945,NEXUS_AI,289.23,288.98,289.48,449,
946,NEXUS_AI,287.63,287.38,287.88,361,
947,NEXUS_AI,287.01,286.76,287.26,531,
948,NEXUS_AI,287.79,287.54,288.04,530,
949,NEXUS_AI,288.4,288.15,288.65,423,
950,NEXUS_AI,287.65,287.4,287.9,424,
951,NEXUS_AI,285.72,285.47,285.97,500,
952,NEXUS_AI,286.21,285.96,286.46,439,
953,NEXUS_AI,283.95,283.7,284.2,570,
954,NEXUS_AI,284.02,283.77,284.27,576,
955,NEXUS_AI,281.58,281.33,281.83,282,
956,NEXUS_AI,280.48,280.23,280.73,447,
957,NEXUS_AI,279.05,278.8,279.3,280,
958,NEXUS_AI,278.83,278.58,279.08,452,
959,NEXUS_AI,275.03,274.78,275.28,485,
960,NEXUS_AI,273.33,273.08,273.58,546,
961,NEXUS_AI,272.9,272.65,273.15,457,
962,NEXUS_AI,271.38,271.13,271.63,316,
963,NEXUS_AI,270.62,270.37,270.87,449,
964,NEXUS_AI,269.72,269.47,269.97,594,
965,NEXUS_AI,266.33,266.08,266.58,277,
966,NEXUS_AI,265.2,264.95,265.45,424,
967,NEXUS_AI,263.92,263.67,264.17,586,
968,NEXUS_AI,262.65,262.4,262.9,252,
969,NEXUS_AI,259.42,259.17,259.67,253,
970,NEXUS_AI,259.56,259.31,259.81,280,
971,NEXUS_AI,255.91,255.66,256.16,590,
972,NEXUS_AI,254.6,254.35,254.85,386,
973,NEXUS_AI,252.24,251.99,252.49,262,
974,NEXUS_AI,248.56,248.31,248.81,325,
975,NEXUS_AI,247.66,247.41,247.91,458,
976,NEXUS_AI,244.29,244.04,244.54,384,
977,NEXUS_AI,243.74,243.49,243.99,277,
978,NEXUS_AI,242.03,241.78,242.28,411,
979,NEXUS_AI,242.17,241.92,242.42,464,
980,NEXUS_AI,238.24,237.99,238.49,567,
981,NEXUS_AI,236.97,236.72,237.22,243,
982,NEXUS_AI,235.68,235.43,235.93,231,
983,NEXUS_AI,233.6,233.35,233.85,538,
984,NEXUS_AI,233.19,232.94,233.44,565,
985,NEXUS_AI,231.79,231.54,232.04,414,
986,NEXUS_AI,229.05,228.8,229.3,569,
987,NEXUS_AI,224.72,224.47,224.97,204,
988,NEXUS_AI,222.2,221.95,222.45,406,
989,NEXUS_AI,219.77,219.52,220.02,478,
990,NEXUS_AI,216.7,216.45,216.95,600,
991,NEXUS_AI,213.18,212.93,213.43,354,
992,NEXUS_AI,210.21,209.96,210.46,578,
993,NEXUS_AI,209.87,209.62,210.12,476,
994,NEXUS_AI,206.84,206.59,207.09,374,
995,NEXUS_AI,204.76,204.51,205.01,476,
996,NEXUS_AI,203.26,203.01,203.51,416,
997,NEXUS_AI,200.38,200.13,200.63,230,
998,NEXUS_AI,197.76,197.51,198.01,587,
999,NEXUS_AI,195.73,195.48,195.98,493,
